	27_02-02RBD(412)		27_03-02RBD(173310)		27_03-16RBD(197940)		27_03-23RBDA(186608)		27_03-23RBDB(157814)		27_03-30RBDA(102369)		27_03-30RBDB(116754)		27_04-06RBDA(102069)		27_04-06RBDB(99886)		27_04-13RBDA(91599)		27_04-13RBDB(132969)		
Unique Sequences	Count	Abundance	Count	Abundance	Count	Abundance	Count	Abundance	Count	Abundance	Count	Abundance	Count	Abundance	Count	Abundance	Count	Abundance	Count	Abundance	Count	Abundance	
1221T(V407V) 1501T(N501Y) 1709A(A570D)																					1273	0.010	
1250C(K417T) 1450A(E484K) 1501T(N501Y)																			8570	0.094	4387	0.033	
1250C(K417T) 1450A(E484K) 1501T(N501Y) 1709A(A570D)																			7547	0.082	3986	0.030	
1250C(K417T) 1451G(E484G) 1501T(N501Y) 1709A(A570D)																					1373	0.010	
1250C(K417T) 1486A(G496S) 1501T(N501Y)																			876	0.010			
1250C(K417T) 1486A(G496S) 1501T(N501Y) 1709A(A570D)																			2690	0.029			
1250C(K417T) 1501T(N501Y)																			2663	0.029			
1250C(K417T) 1501T(N501Y) 1581A(P527P) 1709A(A570D)																					1389	0.010	
1250C(K417T) 1501T(N501Y) 1709A(A570D)																			7246	0.079	4376	0.033	
1250C(K417T) 1501T(N501Y) 1709A(A570D) 1715T(T572I)																					1400	0.011	
1251-insertT 1501T(N501Y) 1709A(A570D)											9096	0.089											
1275T(L425F) 1501T(N501Y) 1709A(A570D)																					1264	0.010	
1326C(D442D)			1953	0.011																			
1355G(L452R)																	1556	0.016					
1355G(L452R) 1501T(N501Y) 1709A(A570D)																	1937	0.019					
1355G(L452R) 1574A(C525Y)																	1771	0.018					
1355G(L452R) 1574A(C525Y) 1709A(A570D)																	1203	0.012					
1355G(L452R) 1709A(A570D)																	1931	0.019					
1389C(P463P) 1501T(N501Y) 1709A(A570D)															6574	0.064							
1433A(T478K)					49170	0.248					3697	0.036											
1433A(T478K) 1501T(N501Y)					3364	0.017																	
1433A(T478K) 1501T(N501Y) 1709A(A570D)					5784	0.029					2250	0.022											
1433A(T478K) 1596-1596Del 1709A(A570D)					2574	0.013																	
1433A(T478K) 1709A(A570D)					20650	0.104					5620	0.055											
1450A(E484K) 1501T(N501Y)																			6359	0.069	4393	0.033	
1450A(E484K) 1501T(N501Y) 1709A(A570D)																			5581	0.061	3951	0.030	
1451G(E484G) 1501T(N501Y)																					1721	0.013	
1451G(E484G) 1501T(N501Y) 1709A(A570D)																					12742	0.096	
1451G(E484G) 1501T(N501Y) 1709A(A570D) 1715T(T572I)																					1789	0.013	
1486A(G496S) 1501T(N501Y)																			2472	0.027			
1486A(G496S) 1501T(N501Y) 1709A(A570D)																			8074	0.088			
1501T(N501Y)					22035	0.111	33464	0.179	22663	0.144	6911	0.068			8165	0.080	4345	0.043	7643	0.083	6594	0.050	
1501T(N501Y) 1561T(P521S) 1709A(A570D)											1748	0.017	2958	0.025									
1501T(N501Y) 1581A(P527P)																					1302	0.010	
1501T(N501Y) 1581A(P527P) 1709A(A570D)																					12753	0.096	
1501T(N501Y) 1581A(P527P) 1709A(A570D) 1715T(T572I)																					1324	0.010	
1501T(N501Y) 1596-1596Del					3487	0.018																	
1501T(N501Y) 1596-1596Del 1709A(A570D)					15463	0.078																	
1501T(N501Y) 1709A(A570D)					49781	0.251	70058	0.375	54594	0.346	65002	0.635	109155	0.935	68785	0.674	71410	0.715	22103	0.241	38322	0.288	
1501T(N501Y) 1709A(A570D) 1715G(T572S)																	1899	0.019					
1501T(N501Y) 1709A(A570D) 1715T(T572I)									26103	0.165							8956	0.090			12455	0.094	
1512G(G504G)			1712	0.010																			
1522C(Y508H)															3275	0.032							
1522C(Y508H) 1709A(A570D)															4016	0.039							
1522G(Y508D)			1743	0.010																			
1661G(E554G)			3761	0.022																			
1709A(A570D)					5004	0.025	33975	0.182	15473	0.098	1509	0.015			4754	0.047							
1709A(A570D) 1715T(T572I)									7482	0.047													
Reference	412	1.000	117073	0.676	8094	0.041	46792	0.251	29748	0.189					3717	0.036							
