	27_02-02RBD(412) | (412)		27_03-02RBD(173310) | (155872)		27_03-16RBD(197940) | (208630)		27_03-23RBDA(186608) | (152337)		27_03-23RBDB(157814) | (134661)		27_03-30RBDA(102369) | (103275)		27_03-30RBDB(116754) | (116754)		27_04-06RBDA(102069) | (97204)		27_04-06RBDB(99886) | (100284)		27_04-13RBDA(91599) | (91599)		27_04-13RBDB(132969) | (132969)		
Covariant	Count	Abundance	Count	Abundance	Count	Abundance	Count	Abundance	Count	Abundance	Count	Abundance	Count	Abundance	Count	Abundance	Count	Abundance	Count	Abundance	Count	Abundance	
1221T(V407V) 1250C(K417T) 1450A(E484K) 1501T(N501Y)																			2283	0.025			
1221T(V407V) 1501T(N501Y) 1709A(A570D)																					3331	0.025	
1250C(K417T) 1273C(L425L) 1450A(E484K) 1501T(N501Y)																			2323	0.025			
1250C(K417T) 1275T(L425F) 1450A(E484K) 1501T(N501Y)																			2392	0.026			
1250C(K417T) 1450A(E484K) 1501T(N501Y)																			22796	0.249	21338	0.160	
1250C(K417T) 1450A(E484K) 1501T(N501Y) 1743G(T581T)																			2244	0.024			
1251-insertT 1501T(N501Y) 1561T(P521S) 1709A(A570D)											2454	0.024											
1251-insertT 1501T(N501Y) 1709A(A570D)											9376	0.091											
1273C(L425L) 1501T(N501Y) 1709A(A570D)																					3349	0.025	
1275T(L425F) 1501T(N501Y) 1709A(A570D)																					3433	0.026	
1306C(W436R)					4826	0.023																	
1326C(D442D)			1953	0.013																			
1355G(L452R)																	4213	0.042					
1355G(L452R) 1574A(C525Y)																	4860	0.048					
1389C(P463P) 1501T(N501Y) 1709A(A570D)															7632	0.079							
1433A(T478K)					87961	0.422					13275	0.129											
1451G(E484G) 1501T(N501Y) 1709A(A570D)																					20448	0.154	
1486A(G496S) 1501T(N501Y) 1709A(A570D)																			15621	0.171			
1501T(N501Y) 1561T(P521S) 1709A(A570D)													2958	0.025									
1501T(N501Y) 1581A(P527P) 1709A(A570D)																					20202	0.152	
1501T(N501Y) 1596-1596Del 1709A(A570D)					25615	0.123																	
1501T(N501Y) 1709A(A570D)					78570	0.377	104939	0.689	70241	0.522	74814	0.724	109490	0.938	77021	0.792	77817	0.776	43940	0.480	36266	0.273	
1501T(N501Y) 1709A(A570D) 1715G(T572S)																	1899	0.019					
1501T(N501Y) 1709A(A570D) 1715T(T572I)									34029	0.253							9631	0.096			21099	0.159	
1501T(N501Y) 1709A(A570D) 1743G(T581T)																					3143	0.024	
1512G(G504G)			1712	0.011																			
1522C(Y508H)															7397	0.076							
1522G(Y508D)			1743	0.011																			
1661G(E554G)			3761	0.024																			
Reference	412	1.000	117073	0.751	8094	0.039	46792	0.307	29748	0.221					3717	0.038							
