	27_02-02RBD(412)		27_03-02RBD(155872)		27_03-16RBD(195054)		27_03-23RBDA(184560)		27_03-23RBDB(156281)		27_03-30RBDA(102267)		27_03-30RBDB(116419)		27_04-06RBDA(101665)		27_04-06RBDB(99885)		27_04-13RBDA(91599)		27_04-13RBDB(131426)		
Unique Sequence	Count	Abundance	Count	Abundance	Count	Abundance	Count	Abundance	Count	Abundance	Count	Abundance	Count	Abundance	Count	Abundance	Count	Abundance	Count	Abundance	Count	Abundance	
1221T(V407V) 1501T(N501Y) 1709A(A570D)																			1239	0.014	1965	0.015	
1250C(K417T) 1450A(E484K) 1501T(N501Y)																			29935	0.327	19749	0.150	
1251-insertT 1501T(N501Y) 1709A(A570D)											11065	0.108											
1273C(L425L) 1501T(N501Y) 1709A(A570D)																			1142	0.012	1980	0.015	
1275T(L425F) 1501T(N501Y) 1709A(A570D)																			1178	0.013	2052	0.016	
1326C(D442D)			1953	0.013																			
1355G(L452R)																	2309	0.023					
1355G(L452R) 1574A(C525Y)																	6810	0.068					
1389C(P463P) 1501T(N501Y) 1709A(A570D)															7461	0.073							
1433A(T478K)					80688	0.414					12080	0.118											
1451G(E484G) 1501T(N501Y) 1709A(A570D)																					18853	0.143	
1486A(G496S) 1501T(N501Y) 1709A(A570D)																			16537	0.181			
1501T(N501Y) 1561T(P521S) 1709A(A570D)											2013	0.020	2958	0.025									
1501T(N501Y) 1581A(P527P) 1709A(A570D)																					18540	0.141	
1501T(N501Y) 1596-1596Del 1709A(A570D)					27484	0.141																	
1501T(N501Y) 1709A(A570D)					72595	0.372	103778	0.562	70984	0.454	73786	0.722	109155	0.938	77090	0.758	77283	0.774	39234	0.428	47631	0.362	
1501T(N501Y) 1709A(A570D) 1715G(T572S)																	1922	0.019					
1501T(N501Y) 1709A(A570D) 1715T(T572I)									33475	0.214							9647	0.097			17937	0.136	
1501T(N501Y) 1709A(A570D) 1743G(T581T)																			1322	0.014	1713	0.013	
1512G(G504G)			1712	0.011																			
1522C(Y508H)															11057	0.109							
1522G(Y508D)			1743	0.011																			
1661G(E554G)			3761	0.024																			
Reference	412	1.000	117073	0.751	9186	0.047	80512	0.436	51603	0.330	1067	0.010			4808	0.047							
