	27_03-02NTD(166241)		27_03-16NTD(90829)		27_03-23NTD(148042)		27_03-30NTD(102015)		27_04-13NTD(112285)		
Unique Sequences	Count	Abundance	Count	Abundance	Count	Abundance	Count	Abundance	Count	Abundance	
155T(Q52L) 203-208Del 429-431Del									1782	0.016	
196T(H66Y)			899	0.010							
196T(H66Y) 249A(V83V)			865	0.010							
203-208Del					12608	0.085					
203-208Del 213C(S71S) 429-431Del									1684	0.015	
203-208Del 390T(V130V)					1763	0.012					
203-208Del 390T(V130V) 429-431Del					51017	0.345					
203-208Del 412T(D138Y)									3111	0.028	
203-208Del 412T(D138Y) 570T(R190S)									6428	0.057	
203-208Del 429-431Del					50768	0.343	96778	0.949	63188	0.563	
203-208Del 429-431Del 480C(Y160Y)							1562	0.015			
203-208Del 429-431Del 480G(Y160*)							1146	0.011			
203-208Del 429-431Del 570T(R190S)									8461	0.075	
214A(G72R)	97815	0.588									
214A(G72R) 404G(F135C)	4693	0.028									
214A(G72R) 409T(N137Y)	4569	0.027									
214A(G72R) 414G(D138E)	1825	0.011									
249A(V83V)			33982	0.374							
249A(V83V) 448-449Del			2405	0.026							
390T(V130V) 429-431Del					6680	0.045					
412T(D138Y)									4123	0.037	
412T(D138Y) 570T(R190S)									7424	0.066	
422GT(L141C)			1203	0.013							
429-431Del					8194	0.055			6818	0.061	
448-449Del			10616	0.117							
448-449Del 639T(V213V)			1522	0.017							
Reference			33120	0.365	11076	0.075					
