	27_03-02NTD(166241) | (166009)		27_03-16NTD(90829) | (91162)		27_03-23NTD(148042) | (133524)		27_03-30NTD(102015) | (102015)		27_04-13NTD(112285) | (112935)		
Covariant	Count	Abundance	Count	Abundance	Count	Abundance	Count	Abundance	Count	Abundance	
155T(Q52L) 412T(D138Y) 570T(R190S)									2739	0.024	
196T(H66Y)			2047	0.022							
203-208Del 213C(S71S) 429-431Del									2153	0.019	
203-208Del 239G(D80G) 390T(V130V) 429-431Del					2341	0.018					
203-208Del 390T(V130V) 429-431Del					58164	0.436					
203-208Del 429-431Del					58858	0.441	96778	0.949	83829	0.742	
203-208Del 429-431Del 480C(Y160Y)							1562	0.015			
203-208Del 429-431Del 480G(Y160*)							1146	0.011			
214A(G72R)	118341	0.713									
214A(G72R) 404G(F135C) 409T(N137Y)	2982	0.018									
214A(G72R) 404G(F135C) 414G(D138E)	2160	0.013									
214A(G72R) 409T(N137Y)	1999	0.012									
230C(K77T) 239C(D80A) 412T(D138Y) 570T(R190S)									1272	0.011	
230C(K77T) 412T(D138Y) 570T(R190S)									1403	0.012	
249A(V83V)			37378	0.410							
412T(D138Y) 570T(R190S)									18724	0.166	
422GT(L141C) 448-449Del			1471	0.016							
448-449Del			9958	0.109							
448-449Del 639T(V213V)			3253	0.036							
Reference			33120	0.363	11076	0.083					
