	27_03-02NTD(148926)		27_03-16NTD(90829)		27_03-23NTD(147176)		27_03-30NTD(102014)		27_04-13NTD(111962)	
Unique Sequence	Count	Abundance	Count	Abundance	Count	Abundance	Count	Abundance	Count	Abundance
155T(Q52L) 203-208Del 429-431Del									2233	0.02
196T(H66Y)			983	0.011						
196T(H66Y) 249A(V83V)			928	0.01						
203-208Del 213C(S71S) 429-431Del									1992	0.018
203-208Del 390T(V130V) 429-431Del					61529	0.418				
203-208Del 429-431Del					56354	0.383	96885	0.95	80457	0.719
203-208Del 429-431Del 480C(Y160Y)							1564	0.015		
203-208Del 429-431Del 480G(Y160*)							1147	0.011		
214A(G72R)	97815	0.657								
214A(G72R) 404G(F135C)	4819	0.032								
214A(G72R) 409T(N137Y)	4700	0.032								
214A(G72R) 414G(D138E)	1825	0.012								
230C(K77T) 412T(D138Y) 570T(R190S)									1505	0.013
249A(V83V)			36000	0.396						
412T(D138Y) 570T(R190S)									23104	0.206
422GT(L141C)			1356	0.015						
448-449Del			12212	0.134						
448-449Del 639T(V213V)			2339	0.026						
Reference			33805	0.372	25029	0.17				
